company_id,name_latest,names_previous
1000045,Nicholas Financial Inc,
1000180,Sandisk Corp,
1000209,Medallion Financial Corp,
1000228,Henry Schein Inc,
1000229,Core Laboratories N V,
1000230,Optical Cable Corp,
1000232,Kentucky Bancshares Inc /KY/,
1000278,Pacifichealth Laboratories Inc,
1000298,Impac Mortgage Holdings Inc,
1000459,Green Energy Group Inc.,
1000623,Schweitzer Mauduit International Inc,
1000683,Blonder Tongue Laboratories Inc,
1000694,Novavax Inc,
1000697,Waters Corp /DE/,
1000753,"Insperity, Inc.",
1000955,"Southcorp Capital, Inc.",
1001039,Walt Disney CO/,
1001082,Dish Network Corp,
1001115,Geospace Technologies Corp,OYO Geospace Corp
1001171,Broadway Financial Corp \DE\,
100122,Tucson Electric Power CO,
1001233,Sangamo Biosciences Inc,
1001250,Estee Lauder Companies Inc,
1001258,Asta Funding Inc,
1001279,Internet America Inc,
1001288,Lexmark International Inc /KY/,
1001316,"TG Therapeutics, Inc.",Manhattan Pharmaceuticals Inc
1001385,Northwest Pipe CO,
1001426,Pericom Semiconductor Corp,
1001463,"Acacia Diversified Holdings, Inc.",
1001601,MGT Capital Investments Inc,
1001604,Emeritus Corp\Wa\,
1001606,Blount International Inc,
1001614,Tengasco Inc,
1001838,Southern Copper Corp/,
1001871,Investors Capital Holdings LTD,
1001902,Intevac Inc,
1001907,Astrotech Corp,Astrotech Corp \WA\
1002037,"Learning Tree International, Inc.",Learning Tree International Inc
1002047,"Netapp, Inc.",
1002135,Westell Technologies Inc,
1002225,Advent Software Inc /DE/,
1002360,"Absolute Potential, Inc.",
1002388,"Accelrys, Inc.",
1002390,"America'S Suppliers, Inc.",
1002422,"Ceres Ventures, Inc.",Phytomedical Technologies Inc
1002517,"Nuance Communications, Inc.",
1002519,Cronos Global Income Fund XVI LP,
1002531,Tollgrade Communications Inc \PA\,
1002590,Star GAS Partners LP,
1002638,Open Text Corp,
1002761,Americredit Financial Services Inc,
1002811,Kensey Nash Corp,
1002822,First American Scientific Corp.,First American Scientific Corp \NV\
1002910,Ameren Corp,
1003022,Zoran Corp \DE\,
1003078,MSC Industrial Direct CO Inc,
1003124,Pharmaceutical Product Development Inc,
1003130,LCA Vision Inc,
1003201,"MMA Capital Management, LLC",Municipal Mortgage & Equity LLC
1003214,Silicon Image Inc,
1003226,"First Physicians Capital Group, Inc.",
1003344,Headwaters Inc,
1003410,Duke Realty Limited Partnership/,
1003509,American Express Credit Account Master Trust,
1003642,Impax Laboratories Inc,
100378,Twin Disc Inc,
1003815,Bctc IV Assignor Corp,
1003950,Performance Technologies Inc \DE\,
1003961,Patapsco Bancorp Inc,
1003986,Taylor Calvin B Bankshares Inc,
1004036,Tanger Properties LTD Partnership /NC/,
100412,250 West 57th ST Associates L.L.C.,
1004125,KSW Inc,
1004155,Southern CO GAS,AGL Resources Inc
1004158,GS Mortgage Securities Corp II,
1004411,Gilla Inc.,
1004434,"Affiliated Managers Group, Inc.",Affiliated Managers Group Inc
1004440,Constellation Energy Group Inc,
1004608,Pinnacle Data Systems Inc,
1004673,Entertainment Gaming Asia Inc.,
1004702,Oceanfirst Financial Corp,
1004724,"Adcare Health Systems, Inc",Adcare Health Systems Inc
10048,Barnwell Industries Inc,
100493,Tyson Foods Inc,
1004980,Pg&E Corp,
1004988,Chase Credit Card Master Trust,
1004989,Spar Group Inc,
1005010,Arthrocare Corp,
1005101,Concierge Technologies Inc,
100517,"United Continental Holdings, Inc.",
1005177,ML Trend-Following Futures Fund L.P.,
1005188,North Central Bancshares Inc,
1005201,Depomed Inc,
1005210,Suburban Propane Partners LP,
1005214,American Wagering Inc,
1005229,Columbus Mckinnon Corp,
1005276,Mohegan Tribal Gaming Authority,
1005284,Universal Display Corp \PA\,
1005286,Landec Corp \CA\,
1005409,Dime Community Bancshares Inc,
1005414,Toys R US Inc,
100548,UGI Utilities Inc,
1005663,"Euro Group OF Companies, Inc.",
1005699,Magicjack Vocaltec LTD,
1005731,IDT Corp,
1005757,CSG Systems International Inc,
1005758,"Radioio, Inc.","IO World Media, Inc"
1005817,Tompkins Financial Corp,
100591,Argan Inc,
1006028,"Pure Bioscience, Inc.",Pure Bioscience
1006045,Iridex Corp,
1006177,FFD Financial Corp/Oh,
100625,Sierra Monitor Corp /CA/,
1006269,Loral Space & Communications Inc.,
1006281,"Protalix Biotherapeutics, Inc.",
1006424,"Bear State Financial, Inc.",First Federal Bancshares OF Arkansas Inc
1006459,Timios National Corp,Homeland Security Capital Corp
1006655,Evolution Petroleum Corp,
1006820,Northern California Bancorp Inc,
1006830,Consumers Bancorp Inc /OH/,
1006837,"HC2 Holdings, Inc.","Primus Telecommunications Group IncPtgi Holding, Inc."
1006840,"Zhongchai Machinery, Inc.",
1006892,JDA Software Group Inc,
1007019,Coffee Holding CO Inc,
100716,Unico American Corp,
100726,Unifi Inc,
1007273,Bank OF South Carolina Corp,
1007330,"Prgx Global, Inc.",
1007587,KVH Industries Inc \DE\,
100790,Union Carbide Corp /NEW/,
100826,Union Electric CO,
1008579,Highlands Bankshares Inc /VA/,
1008586,Streamline Health Solutions Inc.,
1008654,Tupperware Brands Corp,
1008817,Sapient Corp,
1008848,Acorda Therapeutics Inc,
100885,Union Pacific Corp,
1009356,Salix Pharmaceuticals LTD,
1009379,Metropolitan Health Networks Inc,
1009626,Brocade Communications Systems Inc,
1009672,Carbo Ceramics Inc,
1009759,Capstone Turbine Corp,
1009829,Jakks Pacific Inc,
1009891,AIR Industries Group,"AIR Industries Group, Inc."
1009925,"American Fiber Green Products, Inc.",
1009976,Commercial Bancshares Inc \OH\,
101001,"United AIR Lines, Inc.",United AIR Lines Inc
1010086,Siga Technologies Inc,
1010247,Fpic Insurance Group Inc,
1010286,Fibertower Corp,
1010470,Provident Financial Holdings Inc,
1010552,Polycom Inc,
1010566,China Longyi Group International Holdings LTD,
1010612,Sykes Enterprises Inc,
101063,Chiquita Brands International Inc,
1010858,Fairmount Santrol Holdings Inc.,Fmsa Holdings Inc
1011006,Yahoo Inc,
1011060,Advansource Biomaterials Corp,
1011064,Sunrise Senior Living Inc,
1011109,Acre Realty Investors Inc,Roberts Realty Investors Inc
1011174,BRE Properties Inc /MD/,
1011290,99 Cents Only Stores LLC,99 Cents Only Stores
1011308,Footstar Inc,
1011395,Geospatial Corp,
1011432,Auxilio Inc,
1011452,"Medical Information Technology, Inc.",Medical Information Technology Inc
1011509,Golden Minerals CO,
1011570,Knoll Inc,
1011657,Titanium Metals Corp,
1011659,Mufg Americas Holdings Corp,Unionbancal Corp
1011661,Ss&C Technologies Inc,
1011662,Global Digital Solutions Inc,
1011733,Trimol Group Inc.,Trimol Group Inc
1011835,"Medivation, Inc.",
101199,United Fire Group Inc,United Fire & Casualty CO
1012019,Rush Enterprises Inc \TX\,
1012100,Sealed AIR Corp/De,
1012140,Onyx Pharmaceuticals Inc,
1012271,Post Apartment Homes LP,
1012477,Flamel Technologies SA,
1012493,Ferrellgas Partners Finance Corp,
1012569,"Energy Transfer Partners, L.P.",
1012620,Genesee & Wyoming Inc,
1012704,Drivetime Automotive Group Inc,
1012771,FBL Financial Group Inc,
101295,United Guardian Inc,
1013237,Factset Research Systems Inc,
1013238,Aradigm Corp,
1013272,Norwood Financial Corp,
1013453,"Valcom, Inc",
1013462,Ansys Inc,
1013488,BJS Restaurants Inc,
1013554,Park Bancorp Inc,
1013606,Endologix Inc /DE/,
1013706,"Wilhelmina International, Inc.",
1013796,TIB Financial Corp.,
101382,UMB Financial Corp,
1013844,Colonial Realty Limited Partnership,
1013857,Pegasystems Inc,
1013871,"NRG Energy, Inc.",
1013880,Teletech Holdings Inc,
101390,United Mortgage Trust,
1013934,Strayer Education Inc,
1014041,SRI Surgical Express Inc,
1014052,"Digerati Technologies, Inc.",Atsi Communications Inc/De
1014111,Imation Corp,
1014473,Verisign Inc/Ca,
1014507,"Sirona Dental Systems, Inc.",
101462,United Refining CO,
1014653,Profile Technologies Inc,
1014669,Sterling Chemicals Inc,
1014672,Caliper Life Sciences Inc,
1014739,"Bioscrip, Inc.",
1014763,Amarillo Biosciences Inc,
1015155,Charles & Colvard LTD,
1015328,Wintrust Financial Corp,
101538,United States Antimony Corp,
1015383,Retrospettiva Inc,
1015593,River Valley Bancorp,
1015739,Aware Inc /MA/,
1015780,E Trade Financial Corp,
1015789,"Proelite, Inc.",
101594,US Energy Corp,
1016125,Ultimate Software Group Inc,
1016169,"Antares Pharma, Inc.",
1016178,Carver Bancorp Inc,
1016281,Carriage Services Inc,
1016470,SRS Labs Inc,
1016504,Integrated Biopharma Inc,
1016546,Altair Nanotechnologies Inc,
1016708,"Renovacare, Inc.","Janus Resources, Inc."
1016900,"Applied Natural GAS Fuels, Inc.",
1016951,"Tumbleweed Holdings, Inc.",Digital Creative Development Corp
1017110,Genethera Inc,
1017290,Silver Dragon Resources Inc.,
1017303,Transact Technologies Inc,
1017480,Hibbett Sports Inc,
1017491,"Apricus Biosciences, Inc.",
1017616,"Tonner-One World Holdings, Inc.","ONE World Holdings, Inc."
1017655,Paid Inc,
1017673,Dover Motorsports Inc,
1017699,"China Kangtai Cactus Bio-Tech, Inc.",
1017712,HOT Topic Inc /CA/,
101778,Marathon OIL Corp,
1017793,SUN Bancorp Inc /NJ/,
1017907,First Acceptance Corp /DE/,
1017968,Edgewater Technology Inc/De/,
1018003,Ingram Micro Inc,
1018005,Coldwater Creek Inc,
1018164,Willis Lease Finance Corp,
101821,Canal Capital Corp,
1018215,Wells Real Estate Fund X L P,
1018216,Wells Real Estate Fund XI L P,
1018254,United Dominion Realty L P,
1018281,Integral Technologies Inc,
101829,United Technologies Corp /DE/,
101830,Sprint Corp,Sprint Nextel Corp
1018332,"L-1 Identity Solutions, Inc.",
1018336,Information Architects Corp,
1018399,Enterprise Bancorp Inc /MA/,
1018724,Amazon COM Inc,
1018840,Abercrombie & Fitch CO /DE/,
1018946,Steiner Leisure LTD,
1018963,Allegheny Technologies Inc,
1018979,Amerisafe Inc,
1019034,BIO KEY International Inc,
1019216,"Newport Digital Technologies, Inc.",
1019272,Empire Resources Inc /NEW/,
1019361,Rofin Sinar Technologies Inc,
1019542,Atel Capital Equipment Fund VII LP,
1019650,Centrue Financial Corp,
1019671,Seachange International Inc,
1019695,Arqule Inc,
1019737,Navigant Consulting Inc,
1019787,Puradyn Filter Technologies Inc,
101984,Universal Electronics Inc,
1019849,"Penske Automotive Group, Inc.",
1020017,INX Inc,
1020214,Cerus Corp,
1020302,"Internet Infinity, Inc.",
1020347,Communitycorp,
102037,Universal Corp /VA/,
1020416,"Monster Worldwide, Inc.",Monster Worldwide Inc
1020448,Imperial Petroleum Recovery Corp,
1020475,"Grandparents.Com, Inc.","Norwestech, Inc.Pacific Biomarkers, Inc."
1020477,"Rotate Black, Inc.",Rotate Black Inc
1020569,Iron Mountain Inc,
1020646,"ERF Wireless, Inc.",
1020710,DXP Enterprises Inc,
1020859,United Natural Foods Inc,
102109,Universal Security Instruments Inc,
1021096,"M2 Ngage Group, Inc.",Roomlinx Inc
1021113,"Guitar Center, Inc.",
1021162,Triumph Group Inc,
1021270,Famous Daves OF America Inc,
1021282,"Clean Slate, Inc.",
1021422,"Eastern Light Capital, Inc.",
1021435,Hopto Inc.,Graphon Corp/De
1021561,NU Skin Enterprises Inc,
1021604,ON Track Innovations LTD,
1021635,OGE Energy Corp.,
1021860,National Oilwell Varco Inc,
1021917,"JV Group, Inc.","Aspi, Inc."
102198,Calmare Therapeutics Inc,Competitive Technologies Inc
1022079,Quest Diagnostics Inc,
1022097,"Turbodyne Technologies, Inc",
102212,Univest Corp OF Pennsylvania,
1022225,Oplink Communications Inc,
1022321,Genesis Energy LP,
1022344,Simon Property Group L P /DE/,
1022368,"Schiff Nutrition International, Inc.",
1022408,Eplus Inc,
1022469,Deltic Timber Corp,
1022505,Cipherloc Corp,National Scientific Corp/Az
1022646,Ultra Petroleum Corp,
1022652,Novatel Wireless Inc,
1022671,Steel Dynamics Inc,
1022701,Neomedia Technologies Inc,
1022705,Tesco Corp,
1022759,Cardinal Bankshares Corp,
1022899,"Protagenic Therapeutics, Inc.\New","Atrinsic, Inc."
1023024,ANI Pharmaceuticals Inc,Biosante Pharmaceuticals Inc
1023128,Lithia Motors Inc,
1023131,Covance Inc,
1023198,"Stemgen, Inc.",Amasys Corp
1023291,Energy Future Holdings Corp /TX/,
1023298,Alpha-En Corp,
1023313,"Forrester Research, Inc.",Forrester Research Inc
1023362,Powerwave Technologies Inc,
1023364,Autobytel Inc,
1023453,AIS Futures Fund IV LP,
1023458,AEI Income & Growth Fund Xxii LTD Partnership,
1023459,Simulations Plus Inc,
1023731,8X8 Inc /DE/,
1023734,"BPZ Resources, Inc.",
102379,URS Corp /NEW/,
1023844,National Holdings Corp,
1023860,Stewardship Financial Corp,
1023994,"SG Blocks, Inc.",Cdsi Holdings Inc
1024022,Media Sciences International Inc,
1024048,"Panacea Global, Inc.",Moneylogix Group Inc.
1024075,Power Efficiency Corp,
1024126,"Pernix Therapeutics Holdings, Inc.",
1024305,Coty Inc.,
1024452,SMF Energy Corp,
1024478,Rockwell Automation Inc,
1024520,World Heart Corp,
1024626,"Cannabis Science, Inc.",
1024628,ZAP,
1024657,West Corp,
1024725,Tenneco Inc,
1024729,Amscan Holdings Inc,
1024732,Igate Corp,
1024795,SUN Hydraulics Corp,
1024920,Fuelstream Inc,
1025315,24holdings Inc,
1025362,Golden Queen Mining CO LTD,
1025378,W. P. Carey Inc.,Carey W P & CO LLCW P Carey & CO LLC
10254,Earthstone Energy Inc,
1025536,Taylor Capital Group Inc,
1025771,Chase Packaging Corp,
1025835,Enterprise Financial Services Corp,
1025877,DCB Financial Corp,
102588,Sonomawest Holdings Inc,
1025953,"Novation Companies, Inc.",Novastar Financial Inc
1025996,Kilroy Realty Corp,
1026214,Federal Home Loan Mortgage Corp,
1026650,Eresearchtechnology Inc /DE/,
1026655,Core Molding Technologies Inc,
1026743,"Euramax Holdings, Inc.",
1027099,RJO Global Trust,
1027183,First South Bancorp Inc /VA/,
1027207,Epiq Systems Inc,
1027235,Asia Travel Corp,Piranha Ventures IncRealgold International Inc
102729,Valmont Industries Inc,
102741,Valspar Corp,
1027484,"Carrier Alliance Holdings, Inc.",Tilden Associates Inc
102752,VSE Corp,
1027884,Chicago Bridge & Iron CO N V,
1028087,American Dental Partners Inc,
1028153,"Axion Power International, Inc.",
1028215,KMG Chemicals Inc,
1028394,Voyager Entertainment International Inc,
1028536,Hyperview Ltd.,
1028734,Cobiz Financial Inc,
1028918,Pacific Premier Bancorp Inc,
1028954,Sussex Bancorp,
1028985,"Spectrum Brands, Inc.",
1029023,Syntroleum Corp,
1029125,"SUN Biopharma, Inc.","Cimarron Medical, Inc.Cimarron Software Inc"
1029142,Dynavax Technologies Corp,
1029199,Euronet Worldwide Inc,
1029299,"Deltek, Inc",
1029356,"Regatta Capital Partners, Inc.",
1029454,Mobile Area Networks Inc,
1029506,Ralcorp Holdings Inc /MO,
1029581,Modsys International LTD,Bluephoenix Solutions LTD
1029630,GS Financial Corp,
1029730,Ladenburg Thalmann Financial Services Inc,
1029744,Sonic Foundry Inc,
1029800,Urstadt Biddle Properties Inc,
1029802,China Fruits Corp,China Fruits Corportion
1029831,Hillman Companies Inc,
1030058,Worldgate Communications Inc,
1030192,NEW Jersey Mining CO,
1030206,Vascular Solutions Inc,
1030469,OFG Bancorp,Oriental Financial Group Inc
1030471,Utstarcom Inc,
1030484,Renaissance Learning Inc,
1030749,Gulfmark Offshore Inc,
1030896,Bluefly Inc,
1030916,Premier Holding Corp.,
103096,TRC Companies Inc /DE/,
1031028,Globecomm Systems Inc,
1031029,"Startek, Inc.",Startek Inc
1031093,"Silver Bull Resources, Inc.",Metalline Mining CO
1031203,Group 1 Automotive Inc,
1031223,PHL Variable Insurance CO /CT/,
1031233,Pinnacle Bankshares Corp,
1031235,"Global Self Storage, Inc.",
1031296,Firstenergy Corp,
1031316,Franklin Street Properties Corp /MA/,
103145,Veeco Instruments Inc,
1031623,Gulf Island Fabrication Inc,
1031896,American Soil Technologies Inc,
1031927,"Echo Therapeutics, Inc.",
1032033,SLM Corp,
1032067,Meade Instruments Corp,
1032208,Sempra Energy,
1032220,Maximus Inc,
1032761,Keynote Systems Inc,
1032863,Force Protection Inc,
10329,Bassett Furniture Industries Inc,
1032975,Logitech International SA,
1033012,Flagstar Bancorp Inc,
1033032,Silverleaf Resorts Inc,
1033128,First Industrial LP,
103379,V F Corp,
1033905,Luminex Corp,
1034054,SBA Communications Corp,
1034563,Icahn Enterprises Holdings L.P.,
1034592,Omnicomm Systems Inc,
1034594,BAY Banks OF Virginia Inc,
1034669,Fisher Communications Inc,
1034670,Autoliv Inc,
1034755,Brigham Exploration CO,
1034760,Widepoint Corp,
1034842,Rigel Pharmaceuticals Inc,
1035002,Valero Energy Corp/Tx,
1035092,Shore Bancshares Inc,
1035201,California Water Service Group,
1035216,South Jersey GAS CO,South Jersey GAS Co/New
1035267,Intuitive Surgical Inc,
1035354,"Sevion Therapeutics, Inc.",Senesco Technologies Inc
1035422,"CTT Pharmaceutical Holdings, Inc.",Industrial Minerals IncMindesta Inc.
1035443,Alexandria Real Estate Equities Inc,
1035675,Nstar/Ma,
1035688,Select Medical Corp,
1035748,Callidus Software Inc,
103595,Village Super Market Inc,
1035976,First National Community Bancorp Inc,
1035983,Comfort Systems USA Inc,
1035991,First Robinson Financial Corp,
1036030,Wayne Savings Bancshares Inc /DE/,
1036044,"Identiv, Inc.","Identive Group, Inc."
1036070,Stellarone Corp,
1036188,QAD Inc,
1036262,Intest Corp,
1036292,Signature Eyewear Inc,
1036478,Genie Gateway,WWA Group Inc
1036500,WNC Housing TAX Credit Fund VI LP Series 5,
103682,Virginia Electric & Power CO,
1036848,Aerocentury Corp,
1036960,Fairchild Semiconductor International Inc,
1036968,"Diadexus, Inc.",
1037016,NII Holdings Inc,
1037038,Ralph Lauren Corp,Polo Ralph Lauren Corp
1037049,Aurora Gold Corp,
1037115,Orbit FR Inc,
1037131,Players Network,
1037156,WNC Housing TAX Credit Fund VI LP Series 6,
1037189,Westport Futures Fund L.P.,Westport JWH Futures Fund LP
103730,Vishay Intertechnology Inc,
1037390,"Griffin Industrial Realty, Inc.",Griffin Land & Nurseries Inc
1037461,BJS Wholesale Club Inc,
1037540,Boston Properties Inc,
1037646,Mettler Toledo International Inc/,
1037649,Interleukin Genetics Inc,
1037676,Arch Coal Inc,
1037760,Cepheid,
1037868,Ametek Inc/,
1037949,Qwest Communications International Inc,
1037976,Jones Lang Lasalle Inc,
1038074,Silicon Laboratories Inc,
1038133,Heska Corp,
1038205,Bank OF THE Ozarks Inc,
1038222,"Reis, Inc.",
1038277,International Isotopes Inc,
1038280,Mac-Gray Corp,
1038286,Golden State Petroleum Transport Corp,
1038357,Pioneer Natural Resources CO,
1038363,Metals USA Inc,
1038509,Pruco Life Insurance OF NEW Jersey,
103872,"Volt Information Sciences, Inc.",
1038773,Smartfinancial Inc.,Cornerstone Bancshares Inc
103884,Alexanders J Corp,
1039065,OSI Systems Inc,
1039101,L 3 Communications Corp,
1039151,Kendle International Inc,
1039184,Trailer Bridge Inc,
1039280,Netsol Technologies Inc,
1039399,Formfactor Inc,
1039466,Xsunx Inc,
1039684,Oneok Inc /NEW/,
1039757,Nxchain Inc.,"Agrivest Americas, Inc.Robocom Systems International Inc"
1039828,American Equity Investment Life Holding CO,
1039889,P F Changs China Bistro Inc,
1040130,Petmed Express Inc,
1040161,"Pixelworks, Inc",
1040270,United Refining CO /PA/,
1040416,Inspire Pharmaceuticals Inc,
1040426,Syntel Inc,
1040470,Aehr Test Systems,
1040482,American Petro-Hunter Inc,
1040570,"Geoeye, Inc.",
1040593,Carrizo OIL & GAS Inc,
1040719,Walter Investment Management Corp,
1040721,"Wincash Apolo Gold & Energy, Inc.",Apolo Gold & Energy Inc.
1040765,Vornado Realty LP,
1040792,Helios & Matheson Analytics Inc.,Helios & Matheson Information Technology Inc.
1040799,Four Oaks Fincorp Inc,
1040829,"Ryman Hospitality Properties, Inc.",Gaylord Entertainment CO /DE
1040850,"Agritek Holdings, Inc.","Cannabis Medical Solutions, Inc.Mediswipe Inc."
1040896,"Intellicheck Mobilisa, Inc.",
1040971,SL Green Realty Corp,
1041009,Revolutions Medical Corp,
1041024,"Rockwell Medical, Inc.",Rockwell Medical Technologies Inc
1041061,YUM Brands Inc,
1041177,Sutor Technology Group LTD,
1041368,Riverview Bancorp Inc,
1041379,"Popeyes Louisiana Kitchen, Inc.",AFC Enterprises Inc
1041429,Annapolis Bancorp Inc,
1041514,NET 1 Ueps Technologies Inc,
1041550,Hopfed Bancorp Inc,
1041577,Atmi Inc,
1041588,Access Power Inc,
1041609,Mirenco Inc,
1041657,"Radio One, Inc.",
104169,WAL Mart Stores Inc,
1041803,Pricesmart Inc,
1041859,"Childrens Place, Inc.",Childrens Place Retail Stores Inc
1041954,ITC Deltacom Inc,
1042046,American Financial Group Inc,
104207,Walgreen CO,
1042074,"Cymabay Therapeutics, Inc.",
1042173,Scientific Learning Corp,
1042187,CTI Industries Corp,
1042418,"Hedgepath Pharmaceuticals, Inc.",Commonwealth Biotechnologies Inc
1042463,Linkwell Corp,
1042610,TRB Systems International Inc,
1042642,Dish DBS Corp,
1042728,CPC OF America Inc,
1042729,Mercantile Bank Corp,
1042773,Centerpoint Energy Resources Corp,
1042776,"Piedmont Office Realty Trust, Inc.",
1042783,DOT Hill Systems Corp,
1042784,Golden Phoenix Minerals Inc,
1042809,"A.C. Moore Arts & Crafts, Inc.",
1042810,"Equity One, Inc.",
1042821,Pervasive Software Inc,
1042825,Power ONE Inc,
1042893,Dril-Quip Inc,
1043000,Capital Senior Living Corp,
1043121,Boston Properties LTD Partnership,
1043156,Star Buffet Inc,
1043186,American Electric Technologies Inc,
1043219,Annaly Capital Management Inc,
1043222,Chinawe COM Inc,
1043277,C H Robinson Worldwide Inc,
1043325,Centerline Holding CO,
1043337,Stoneridge Inc,
1043382,Solutia Inc,
1043509,Sonic Automotive Inc,
1043533,Abovenet Inc,
1043565,Potomac Futures Fund LP,
1043604,Juniper Networks Inc,
1043825,"Iron Eagle Group, Inc.",
1043873,Novadel Pharma Inc,
1043894,Enviro Voraxial Technology Inc,
1043951,Campbell Fund Trust,
1043961,Transgenomic Inc,
1044082,"Georgia-Carolina Bancshares, Inc",
1044378,Biocept Inc,
1044435,Active Power Inc,
1044566,CNA Surety Corp,
1044577,"China Precision Steel, Inc.",
1044590,"Intermec, Inc.",
1044650,Calais Resources Inc,
1044777,Vasco Data Security International Inc,
1045014,Gametech International Inc,
1045150,"Official Payments Holdings, Inc.",Tier Technologies Inc
1045309,W R Grace & CO,
1045390,"Colombia Energy Resources, Inc.","Colombia Clean Power & Fuels, Inc"
1045425,Rait Financial Trust,
1045450,EPR Properties,Entertainment Properties Trust
1045539,Kiantone Pipeline CO,
1045540,Kwik FIL Inc,
1045541,Kwik Fill Corp,
1045542,United JET Center Inc,
1045543,Bell OIL Corp,
1045544,PPC Inc,
1045545,Super Test Petroleum Inc,
1045546,Vulcan Asphalt Refining Corp,
1045547,Independent Gasoline & OIL CO OF Rochester,
10456,Baxter International Inc,
1045609,"Prologis, Inc.",AMB Property Corp
1045610,"Prologis, L.P.",AMB Property LP
1045742,Live Ventures Inc,Livedeal Inc
1045769,Hypercom Corp,
1045810,Nvidia Corp,
1045829,Vanguard Health Systems Inc,
1045929,First Colombia Gold Corp.,
1045942,"Track Group, Inc.","Securealert, Inc."
1046025,Heritage Financial Corp /WA/,
1046050,Timberland Bancorp Inc,
1046057,Transcoastal Corp,Claimsnet COM Inc
1046102,Ritchie Bros Auctioneers Inc,
1046131,Midas Inc,
1046188,Pathfinder Bancorp Inc,
1046203,Guaranty Federal Bancshares Inc,
1046257,Ingredion Inc,Corn Products International Inc
1046311,Choice Hotels International Inc /DE,
1046327,Realnetworks Inc,
1046568,Career Education Corp,
1046672,PAN American Goldfields LTD,
1046788,Harris Preferred Capital Corp,
1046859,"Remy International, Inc.",
1046880,Central European Distribution Corp,
1046995,Emagin Corp,
1047122,Raytheon CO/,
1047127,"Amkor Technology, Inc.",Amkor Technology Inc
1047166,United Rentals North America Inc,
1047170,Eastern Virginia Bankshares Inc,
1047335,National Healthcare Corp,
1047340,Fresh DEL Monte Produce Inc,
1047446,Community First Bancorp,
104777,"Alteva, Inc.",Warwick Valley Telephone CO
1047857,"Yuhe International, Inc.",
1047862,Consolidated Edison Inc,
1047865,Webster Preferred Capital Corp,
1047881,"Talon International, Inc.",
1047884,Anworth Mortgage Asset Corp,
1047919,Ambient Corp /NY,
1048055,"Physical Property Holdings, Inc.",
104819,Washington GAS Light CO,
1048268,"IES Holdings, Inc.","Integrated Electrical Services IncIntegrated Electrical Services, Inc."
1048286,Marriott International Inc /MD/,
1048477,Biomarin Pharmaceutical Inc,
1048501,"Xformity Technologies, Inc.",
1048620,Granite City Food & Brewery Ltd.,Granite City Food & Brewery LTD
1048685,Metalico Inc,
1048695,F5 Networks Inc,
1048789,Felcor Lodging LP,
104889,Graham Holdings CO,Washington Post CO
1048911,Fedex Corp,
104894,Washington Real Estate Investment Trust,
104897,"WSI Industries, Inc.",
1049108,Dollar Thrifty Automotive Group Inc,
104918,Avista Corp,
1049210,Verenium Corp,
1049502,MKS Instruments Inc,
1049505,US Dataworks Inc,
1049521,Mercury Systems Inc,Mercury Computer Systems Inc
1049606,Compx International Inc,
1049782,Brookline Bancorp Inc,
1050007,Nutraceutical International Corp,
105016,Watsco Inc,
1050377,PC Connection Inc,
1050441,Eagle Bancorp Inc,
1050446,Microstrategy Inc,
1050550,Volterra Semiconductor Corp,
1050606,"Salem Media Group, Inc. /DE/",Salem Communications Corp /DE/
1050743,Peapack Gladstone Financial Corp,
105076,Wausau Paper Corp.,
1050797,Columbia Sportswear CO,
1050825,Steelcase Inc,
1050915,Quanta Services Inc,
1050957,"Bayou City Exploration, Inc.",
1051114,Innotrac Corp,
1051251,J Crew Group Inc,
105132,WD 40 CO,
1051343,Community West Bancshares /,
1051470,Crown Castle International Corp,
1051473,Western Reserve Bancorp Inc,
1051488,Integrated Healthcare Holdings Inc,
1051512,Telephone & Data Systems Inc /DE/,
1051514,"Strata Skin Sciences, Inc.","Mela Sciences, Inc. /NY"
1051627,AXT Inc,
1051741,First Niagara Financial Group Inc,
1051771,Belk Inc,
1051827,Merrill Lynch Preferred Funding III LP,
1051828,Merrill Lynch Preferred Funding IV LP,
1051829,Merrill Lynch Preferred Capital Trust III,
1051830,Merrill Lynch Preferred Capital Trust IV,
1051871,Citizens South Banking Corp,
1052045,"Servicemaster CO, LLC",Servicemaster CO
1052054,Evolving Systems Inc,
1052100,Waddell & Reed Financial Inc,
1052257,"Agritech Worldwide, Inc.","Z Trim Holdings, Inc"
1052284,"Tongli Pharmaceuticals (Usa), Inc.",
1052354,MAN AHL Diversified I LP,
1052595,RED Lion Hotels Corp,
1052635,Merrill Lynch Preferred Funding V LP,
1052636,Merrill Lynch Preferred Capital Trust V,
1052752,Getty Realty Corp /MD/,
1053059,Essex Portfolio LP,
1053112,Cablevision Systems Corp /NY,
105319,Weight Watchers International Inc,
1053352,Heritage Commerce Corp,
1053369,Elite Pharmaceuticals Inc /NV/,Elite Pharmaceuticals Inc /DE/
1053374,Ipass Inc,
1053439,Stanadyne Corp,
1053507,American Tower Corp /MA/,
1053532,Lasalle Hotel Properties,
1053584,Macatawa Bank Corp,
1053648,"Surge Global Energy, Inc.",
1053650,Omega Protein Corp,
1053691,Diffusion Pharmaceuticals Inc.,"Restorgenex CorpStratus Media Group, Inc"
1053706,"CRA International, Inc.",
1054102,"Interpace Diagnostics Group, Inc.",PDI Inc
105418,Weis Markets Inc,
1054274,"Alliqua Biomedical, Inc.","Alliqua, Inc."
1054303,Direct Markets Holdings Corp.,"Rodman & Renshaw Capital Group, Inc."
1054374,Broadcom Corp,
1054508,Penseco Financial Services Corp,
1054579,Hastings Entertainment Inc,
1054721,Bsquare Corp /WA,
1054833,Coventry Health Care Inc,
1054905,Innospec Inc.,
1055160,"MFA Financial, Inc.",
1055294,"Kansas City Southern DE Mexico, S.A. DE C.V.",
1055355,Sonosite Inc,
1055454,School Specialty Inc,
1055726,"Inovio Pharmaceuticals, Inc.",
1056035,Sheridan Group Inc,
105608,Ag&E Holdings Inc.,Wells Gardner Electronics Corp
1056087,Mcclatchy CO,
1056239,L 3 Communications Holdings Inc,
1056285,"Kirkland'S, Inc",
1056288,Federated Investors Inc /PA/,
105634,Emcor Group Inc,
1056358,Mannatech Inc,
1056386,Internap Corp,Internap Network Services Corp
1056598,"Regeneca, Inc.",
1056696,Manhattan Associates Inc,
1056756,NBC Acquisition Corp,
1056757,Seychelle Environmental Technologies Inc /CA,
1056903,American States Water CO,
1056923,Datalink Corp,
1056943,Peoples Financial Services Corp.,
1057051,Managed Futures Premier Energy Fund L.P.,AAA Capital Energy Fund L.P.
1057058,"Waste Connections, Inc.",
1057060,Marinemax Inc,
1057076,Ridgewood Power Growth Fund /NJ,
1057083,PC TEL Inc,
1057232,Interplay Entertainment Corp,
105729,Wesco Financial Corp,
1057327,"Monkey Rock Group, Inc.",
1057352,Costar Group Inc,
1057379,"Hackett Group, Inc.",
1057436,"Strategic Hotels & Resorts, Inc",
105744,"NEW Concept Energy, Inc.",
1057689,"Caplease, Inc.",
1057695,"Network 1 Financial Group, Inc.",
105770,West Pharmaceutical Services Inc,
1057706,First Bancorp /PR/,
1057758,TW Telecom Inc.,
1057877,Idacorp Inc,
1058057,Marvell Technology Group LTD,
1058090,Chipotle Mexican Grill Inc,
1058290,Cognizant Technology Solutions Corp,
1058299,Lionbridge Technologies Inc /DE/,
1058307,Orbital Tracking Corp.,"Great West Resources, Inc.Silver Horn Mining Ltd."
1058330,"Fresh Promise Foods, Inc.","Stakool, Inc."
1058438,CFS Bancorp Inc,
1058444,"Savvis, Inc.",
1058623,Cumulus Media Inc,
1058690,Washington Banking CO,
1058767,Biomoda Inc/Nm,
1058811,Immersion Corp,
1058828,Hypertension Diagnostics Inc /MN,
1058926,Rural Electric Cooperative Grantor Trust Kepco Series 1997,
1059103,Activant Solutions Inc /DE/,
1059131,Nasb Financial Inc,
1059142,"America First Multifamily Investors, L.P.",America First TAX Exempt Investors LP
1059262,SP Plus Corp,Standard Parking Corp
1059272,"Bebe Stores, Inc.",
1059324,Petrohawk Energy Corp,
1059376,Corporate Bond Backed Cert TR SER 1998-Cat 1,
1059377,Corporate Bond Backed Cert TR SER 1998-Adm 1,
1059378,Corporate Bond Backed Cert TR SER 1998-Nsc 1,
1059556,Moodys Corp /DE/,
1059562,LMI Aerospace Inc,
1059763,Adams Golf Inc,
1059784,Generex Biotechnology Corp,
1059786,Mips Technologies Inc,
1059790,Pozen Inc /NC,
1060009,"Kindred Healthcare, Inc",
1060219,Salisbury Bancorp Inc,
1060224,Sovran Acquisition LTD Partnership,
1060232,"Collective Brands, Inc.",
1060244,Peoples Bancorp Inc/Md,
1060349,"Gamco Investors, Inc. ET AL",
1060386,"Brandywine Operating Partnership, L.P.",
1060391,"Republic Services, Inc.",
106040,Western Digital Corp,
1060409,"Sunvesta, Inc.",
1060426,"Aoxing Pharmaceutical Company, Inc.",
1060455,Killbuck Bancshares Inc,
1060523,Cardinal Financial Corp,
1060736,Seattle Genetics Inc /WA,
1060749,"Knight Capital Group, Inc.",
1060755,Ridgewood Electric Power Trust V,
1060822,Carters Inc,
1060910,Cibolan Gold Corp,General Metals Corp
1060990,Quicksilver Resources Inc,
1061027,Sunesis Pharmaceuticals Inc,
1061069,Avalon Holdings Corp,
1061164,Peregrine Industries Inc,
1061169,Global Leadership Institute Inc.,Cephas Holding Corp.
1061219,Enterprise Products Partners L P,
1061288,Australian Canadian OIL Royalties LTD,
1061322,Global Crossing LTD,
1061393,CH Energy Group Inc,
1061507,Graham Packaging Holdings CO,
1061630,"Blackstone Mortgage Trust, Inc.",Capital Trust Inc
1061688,Genmed Holding Corp,
106170,Western Massachusetts Electric CO,
1061937,Host Hotels & Resorts L.P.,
1061983,Cytokinetics Inc,
1062047,Convergys Corp,
1062128,NEW York Global Innovations Inc.,Inksure Technologies Inc.
1062231,American Axle & Manufacturing Holdings Inc,
1062273,"Spendsmart Networks, Inc.","Billmyparents, Inc.Socialwise, Inc. (Formerly Known AS Ideaedge, Inc)Spendsmart Payments CO"
1062292,XO Group Inc.,Knot Inc
1062438,Pulaski Financial Corp,
1062449,Buffalo Wild Wings Inc,
1062478,Actuate Corp,
1062506,Atlantica Inc,
1062530,Digital River Inc /DE,
1062613,Fairpoint Communications Inc,
1062720,Transfer Technology International Corp.,
1062822,"Lexicon Pharmaceuticals, Inc.","Lexicon Pharmaceuticals, Inc./De"
1063104,Proteo Inc,
106311,"Catalyst Resource Group, Inc.",
1063197,"Curaegis Technologies, Inc.",Torvec Inc
1063254,S1 Corp /DE/,
1063344,Hersha Hospitality Trust,
1063494,"Kbw, Inc.",
1063530,Power 3 Medical Products Inc,
1063537,Ricebran Technologies,Nutracea
1063561,Prospect Medical Holdings Inc,
1063665,Corgenix Medical Corp/Co,
1063761,Simon Property Group Inc /DE/,
1064015,Ameritrans Capital Corp,
1064090,Pretium Packaging L L C,
1064116,Mediacom LLC,
1064117,Mediacom Capital Corp,
106455,Westmoreland Coal CO,
1064728,Peabody Energy Corp,
1064863,Amerigroup Corp,
1065001,"Shearson American Reit, Inc.",
1065023,Reddy ICE Corp,
1065034,Magma Design Automation Inc,
1065049,Leap Wireless International Inc,
1065059,Centrus Energy Corp,Usec Inc
1065078,Network 1 Technologies Inc,Network 1 Security Solutions Inc
1065087,Albany Molecular Research Inc,
1065088,Ebay Inc,
1065188,"Eagle Worldwide, Inc.",Panamersa Corp
1065189,Social Cube Inc,Lexon Technologies Inc
1065201,Amerinst Insurance Group LTD,
1065280,Netflix Inc,
106532,Weyco Group Inc,
1065332,NIC Inc,
106535,Weyerhaeuser CO,
1065598,"Digitaltown, Inc.",
1065696,LKQ Corp,
1065754,Viking Systems Inc,
1065837,Skechers USA Inc,
1065860,Lime Energy CO.,
1065865,Janus Capital Group Inc,
1066026,Concur Technologies Inc,
1066104,CEB Inc.,Corporate Executive Board CO
1066107,EL Paso Corp/De,
1066134,Corinthian Colleges Inc,
106618,Handy & Harman Ltd.,
1066194,Egain Corp,Egain Communications Corp
1066247,Regency Centers LP,
1066254,ECB Bancorp Inc,
106640,Whirlpool Corp /DE/,
1066551,"SUN River Energy, Inc",
1066605,Heidrick & Struggles International Inc,
1066656,Managed Futures Premier Graham L.P.,Managed Futures Charter Graham L.P.
1066658,Morgan Stanley Smith Barney Charter WNT L.P.,
1066684,Theglobe COM Inc,
1066764,"Spine Injury Solutions, Inc","Spine Pain Management, Inc"
1066923,"Skypeople Fruit Juice, Inc",
1067063,Mack Cali Realty L P,
1067286,"Cellynx Group, Inc.",
1067294,"Cracker Barrel OLD Country Store, Inc",
1067419,Mission West Properties Inc,
1067701,United Rentals Inc /DE,
1067837,Entercom Communications Corp,
1067873,As-Ip Tech Inc,ASI Entertainment Inc
1067983,Berkshire Hathaway Inc,
1068084,Private Media Group Inc,
1068148,Park Ohio Industries Inc/Oh,
1068237,Global Diversified Futures Fund L.P.,
1068300,"Metrocorp Bancshares, Inc.",
1068717,RTI International Metals Inc,
1068796,Maxygen Inc,
1068851,Prosperity Bancshares Inc,
1068874,Implant Sciences Corp,
1068875,"Blucora, Inc.",Infospace Inc
1069152,Atel Capital Equipment Fund Viii LLC,
1069157,East West Bancorp Inc,
1069183,Taser International Inc,
1069202,Lennox International Inc,
1069258,"Kratos Defense & Security Solutions, Inc.",
106926,Whitney Holding Corp,
1069308,"Opexa Therapeutics, Inc.",
1069353,Conexant Systems Inc,
1069394,Flexible Solutions International Inc,
1069489,Wescorp Energy Inc,
1069530,Pain Therapeutics Inc,
1069533,RGC Resources Inc,
1069563,Defense Industries International Inc,
1069680,"Hannover House, Inc.",
1069799,Pacific Sands Inc,
1069878,Trex CO Inc,
1069899,Phibro Animal Health Corp,
1069996,Federated National Holding CO,21st Century Holding CO
1070045,"China Integrated Energy, Inc.",
1070081,"PTC Therapeutics, Inc.",
1070154,Sterling Bancorp,Provident NEW York Bancorp
1070181,"SAN West, Inc",
1070295,Capitol City Bancshares Inc,
1070296,First Capital Inc,
1070336,Achillion Pharmaceuticals Inc,
1070361,Artificial Life Inc,
1070380,Saba Software Inc,
1070412,Consol Energy Inc,
1070423,Plains ALL American Pipeline LP,
1070494,Acadia Pharmaceuticals Inc,
1070495,Belcrest Capital Fund LLC,
1070523,Community Shores Bank Corp,
1070524,Greene County Bancorp Inc,
1070680,Central Federal Corp,
1070698,Raptor Pharmaceutical Corp,
1070699,Uagh Inc,
1070750,"Host Hotels & Resorts, Inc.",
1070789,Asia Properties Inc,
1070985,Corrections Corp OF America,
1071255,"Golden Entertainment, Inc.",Lakes Entertainment Inc
1071264,Jacksonville Bancorp Inc /FL/,
1071341,Edelman Financial Group Inc.,Sanders Morris Harris Group Inc
107140,"Wiley John & Sons, Inc.",
1071411,Fusion Telecommunications International Inc,
1071625,Dover Saddlery Inc,
1071739,Centene Corp,
1071760,Ecosphere Technologies Inc,
1071840,"Solarwindow Technologies, Inc.","NEW Energy Technologies, Inc."
1071941,"Arcadia Resources, Inc",
1071992,Capital Bank Corp,
1071993,Contango OIL & GAS CO,
1072248,M Line Holdings Inc,
1072343,Arch Chemicals Inc,
1072379,Northwest Biotherapeutics Inc,
1072627,Kingsway Financial Services Inc,
107263,Williams Companies Inc,
1072725,Gold Reserve Inc,
1072805,Wells Real Estate Fund XII LP,
1072806,EOS Preferred Corp,
1072847,Tower Financial Corp,
1073146,American International Industries Inc,
1073149,Cornerstone Realty Fund LLC,
1073349,Bottomline Technologies Inc /DE/,
1073362,"Occidental Development Group, Inc.",Intelligent Living Corp
1073429,US Concrete Inc,
1073431,Life Technologies Corp,
1073475,Citizens First Corp,
1073748,Yummies Inc,
1073967,Serena Software Inc,
1074447,MNP Petroleum Corp,Manas Petroleum Corp
1074458,"Manasota Group, Inc.",Horizon Bancorporation Inc
107454,Wilshire Enterprises Inc,
1074828,Visualant Inc,
1074871,Bear Lake Recreation Inc,
